<?xml version="1.0"?>
<?xml-stylesheet href="kolekcija.xsl" type="text/xsl" ?>
<Ponuda>
   <Automobil>
      <Slika>novosti/images/bmw.jpeg</Slika>
      <Model>BMW M550d</Model>
      <Kilometri>105500</Kilometri>
      <Proivodnja>12/2017</Proivodnja>
      <SnagaKW>294</SnagaKW>
      <Gorivo>Diesel</Gorivo>
  </Automobil>
  <Automobil>
      <Slika>novosti/images/audi.jpg</Slika>
      <Model>Audi RS3</Model>
      <Kilometri>31509</Kilometri>
      <Proivodnja>09/2016</Proivodnja>
      <SnagaKW>270</SnagaKW>
      <Gorivo>Benzin</Gorivo>
  </Automobil>
  <Automobil>
      <Slika>novosti/images/mercedes.jpg</Slika>
      <Model>Mercedes S63 AMG</Model>
      <Kilometri>95438</Kilometri>
      <Proivodnja>09/2016</Proivodnja>
      <SnagaKW>430</SnagaKW>
      <Gorivo>Benzin</Gorivo>
  </Automobil>
  <Automobil>
      <Slika>novosti/images/vw.jpg</Slika>
      <Model>Golf 7 GTI</Model>
      <Kilometri>16000</Kilometri>
      <Proivodnja>01/2020</Proivodnja>
      <SnagaKW>213</SnagaKW>
      <Gorivo>Benzin</Gorivo>
  </Automobil>
  <Automobil>
      <Slika>novosti/images/renault.jpg</Slika>
      <Model>Renault Megane RS</Model>
      <Kilometri>15000</Kilometri>
      <Proivodnja>03/2019</Proivodnja>
      <SnagaKW>205</SnagaKW>
      <Gorivo>Benzin</Gorivo>
  </Automobil>
  <Automobil>
      <Slika>novosti/images/opel.jpg</Slika>
      <Model>Opel Astra OPC</Model>
      <Kilometri>48000</Kilometri>
      <Proivodnja>11/2013</Proivodnja>
      <SnagaKW>206</SnagaKW>
      <Gorivo>Benzin</Gorivo>
  </Automobil>
  <Automobil>
      <Slika>novosti/images/lamborghini.jpg</Slika>
      <Model>Lamborghini Huracan</Model>
      <Kilometri>21900</Kilometri>
      <Proivodnja>09/2017</Proivodnja>
      <SnagaKW>449</SnagaKW>
      <Gorivo>Benzin</Gorivo>
  </Automobil>
  <Automobil>
      <Slika>novosti/images/jaguar.jpg</Slika>
      <Model>Jaguar XE</Model>
      <Kilometri>15221</Kilometri>
      <Proivodnja>01/2019</Proivodnja>
      <SnagaKW>132</SnagaKW>
      <Gorivo>Diesel</Gorivo>
  </Automobil>
  <Automobil>
      <Slika>novosti/images/porsche.jpg</Slika>
      <Model>Porsche 911 GT3</Model>
      <Kilometri>69103</Kilometri>
      <Proivodnja>07/2009</Proivodnja>
      <SnagaKW>320</SnagaKW>
      <Gorivo>Benzin</Gorivo>
  </Automobil>
</Ponuda>